on_seq,off_seq,label,score,spec,type,desc,position,base,change
GCTGCAGAAGGGATTCCATGNGG,GCTGCAGAAGGGATTCCAAGGGG,,0.8577372279000164,0.9063927426945878,origin,,,,
GCTGCAGAAGGGATTCCAAGNGG,GCTGCAGAAGGGATTCCAAGGGG,,0.9413274540106016,0.9090909090909092,extension,"position 19, base T->A",19.0,T,A
GTCACCTCCAATGACTAGGGNGG,ATCACTTCCAATGACTAAGACGG,,0.7160038573296033,0.9090909090909092,origin,,,,
GTCACCTCCAATGACTAAGGNGG,ATCACTTCCAATGACTAAGACGG,,0.7651146479620458,0.9521838049912332,extension,"position 18, base G->A",18.0,G,A
GTCACTTCCAATGACTAGGGNGG,ATCACTTCCAATGACTAAGACGG,,0.7938444822626498,0.9090909090909092,extension,"position 6, base C->T",6.0,C,T
GTCACCTCCAATGACTAGGANGG,ATCACTTCCAATGACTAAGACGG,,0.77461697044185,0.9138887419051162,extension,"position 20, base G->A",20.0,G,A
GTCACGTCCAATGACTAGGGNGG,ATCACTTCCAATGACTAAGACGG,,0.7307862492002063,0.9138887419051162,extension,"position 6, base C->G",6.0,C,G
GTCACCTCCAATGACTATGGNGG,ATCACTTCCAATGACTAAGACGG,,0.6777458471286967,0.9521838049912332,extension,"position 18, base G->T",18.0,G,T
GTCACCTCCAATGACTAGGGNGG,GCTACCTCCAGTGACTAGGGAAG,,0.7501048750546663,0.9090909090909092,origin,,,,
GTCACCTCCAGTGACTAGGGNGG,GCTACCTCCAGTGACTAGGGAAG,,0.8597923535617025,0.9090909090909092,extension,"position 11, base A->G",11.0,A,G
GTTACCTCCAATGACTAGGGNGG,GCTACCTCCAGTGACTAGGGAAG,,0.8024734851673523,0.9090909090909092,extension,"position 3, base C->T",3.0,C,T
GCCACCTCCAATGACTAGGGNGG,GCTACCTCCAGTGACTAGGGAAG,,0.7845649830947045,0.9090909090909092,extension,"position 2, base T->C",2.0,T,C
GTCACCTCCAATGACTAGGGNGG,ACAACCCCCAATGACCAGGGAGG,,0.6762886697979594,0.9090909090909092,origin,,,,
GTCACCTCCAATGACCAGGGNGG,ACAACCCCCAATGACCAGGGAGG,,0.7718529687126608,0.9521838049912332,extension,"position 16, base T->C",16.0,T,C
GTCACCCCCAATGACTAGGGNGG,ACAACCCCCAATGACCAGGGAGG,,0.7478589612287401,0.9138887419051162,extension,"position 7, base T->C",7.0,T,C
GTAACCTCCAATGACTAGGGNGG,ACAACCCCCAATGACCAGGGAGG,,0.7234810211861898,0.9090909090909092,extension,"position 3, base C->A",3.0,C,A
GCCACCTCCAATGACTAGGGNGG,ACAACCCCCAATGACCAGGGAGG,,0.7107487778379976,0.9090909090909092,extension,"position 2, base T->C",2.0,T,C
GTCACCTCCAATGACTAGGGNGG,GTCACCTGTAATGACTAGGGAGA,,0.7304973864902148,0.9090909090909092,origin,,,,
GTCACCTGCAATGACTAGGGNGG,GTCACCTGTAATGACTAGGGAGA,,0.8454070270751377,0.9138887419051162,extension,"position 8, base C->G",8.0,C,G
GTCACCTCTAATGACTAGGGNGG,GTCACCTGTAATGACTAGGGAGA,,0.8165020677829907,0.9090909090909092,extension,"position 9, base C->T",9.0,C,T
GTCACCTACAATGACTAGGGNGG,GTCACCTGTAATGACTAGGGAGA,,0.7562058505000692,0.9138887419051162,extension,"position 8, base C->A",8.0,C,A
GTCACCTTCAATGACTAGGGNGG,GTCACCTGTAATGACTAGGGAGA,,0.7483746709671236,0.9090909090909092,extension,"position 8, base C->T",8.0,C,T
GTCACCTCGAATGACTAGGGNGG,GTCACCTGTAATGACTAGGGAGA,,0.7412759118270986,0.9138887419051162,extension,"position 9, base C->G",9.0,C,G
GTCACCTCAAATGACTAGGGNGG,GTCACCTGTAATGACTAGGGAGA,,0.727591199641637,0.9138887419051162,extension,"position 9, base C->A",9.0,C,A
GTCACCTCCAATGACTAGGGNGG,CCTACCTCCAATGACTAGAGAAG,,0.7407835330197916,0.9090909090909092,origin,,,,
GTCACCTCCAATGACTAGAGNGG,CCTACCTCCAATGACTAGAGAAG,,0.8114277556892294,0.9016642287168696,extension,"position 19, base G->A",19.0,G,A
GTTACCTCCAATGACTAGGGNGG,CCTACCTCCAATGACTAGAGAAG,,0.7931521431324775,0.9090909090909092,extension,"position 3, base C->T",3.0,C,T
GCCACCTCCAATGACTAGGGNGG,CCTACCTCCAATGACTAGAGAAG,,0.7752436410598297,0.9090909090909092,extension,"position 2, base T->C",2.0,T,C
GTCACCTCCAATGACTAGCGNGG,CCTACCTCCAATGACTAGAGAAG,,0.7080923361715122,0.9521838049912332,extension,"position 19, base G->C",19.0,G,C
ATCACCTCCAATGACTAGGGNGG,CCTACCTCCAATGACTAGAGAAG,,0.7422557287110763,0.9090909090909092,extension,"position 1, base G->A",1.0,G,A
GTCACCTCCAATGACTAGGGNGG,GTGACCTCCAATGCCTAGAGGGG,,0.650414676731665,0.9090909090909092,origin,,,,
GTCACCTCCAATGCCTAGGGNGG,GTGACCTCCAATGCCTAGAGGGG,,0.7923559537730593,0.9521838049912332,extension,"position 14, base A->C",14.0,A,C
GTCACCTCCAATGACTAGAGNGG,GTGACCTCCAATGCCTAGAGGGG,,0.7210588994011029,0.9138887419051162,extension,"position 19, base G->A",19.0,G,A
GTGACCTCCAATGACTAGGGNGG,GTGACCTCCAATGCCTAGAGGGG,,0.7223736466218721,0.9090909090909092,extension,"position 3, base C->G",3.0,C,G
GTCACCTCCAATGTCTAGGGNGG,GTGACCTCCAATGCCTAGAGGGG,,0.6616262339098183,0.9111620632936904,extension,"position 14, base A->T",14.0,A,T
GTCACCTCCAATGGCTAGGGNGG,GTGACCTCCAATGCCTAGAGGGG,,0.670796337671238,0.9016642287168696,extension,"position 14, base A->G",14.0,A,G
GTTACCTCCAATGACTAGGGNGG,GTGACCTCCAATGCCTAGAGGGG,,0.66170622394842,0.9090909090909092,extension,"position 3, base C->T",3.0,C,T
GTCACCTCCAATGACTAGCGNGG,GTGACCTCCAATGCCTAGAGGGG,,0.6177234798833857,0.9521838049912332,extension,"position 19, base G->C",19.0,G,C
GTAACCTCCAATGACTAGGGNGG,GTGACCTCCAATGCCTAGAGGGG,,0.6558936219797249,0.9090909090909092,extension,"position 3, base C->A",3.0,C,A
GTCACCTCCAATGACTAGGGNGG,TTTTCCTCCAATGACCAGGGAGG,,0.6879496731384201,0.9090909090909092,origin,,,,
GTCACCTCCAATGACCAGGGNGG,TTTTCCTCCAATGACCAGGGAGG,,0.7835139720531215,0.9521838049912332,extension,"position 16, base T->C",16.0,T,C
GTCTCCTCCAATGACTAGGGNGG,TTTTCCTCCAATGACCAGGGAGG,,0.7502975912094505,0.9090909090909092,extension,"position 4, base A->T",4.0,A,T
GTTACCTCCAATGACTAGGGNGG,TTTTCCTCCAATGACCAGGGAGG,,0.7403182832511062,0.9090909090909092,extension,"position 3, base C->T",3.0,C,T
TTCACCTCCAATGACTAGGGNGG,TTTTCCTCCAATGACCAGGGAGG,,0.691061871159355,0.9090909090909092,extension,"position 1, base G->T",1.0,G,T
GTCACCTCCAATGACTAGGGNGG,AGCACCTCCAATGACCAGGTGTG,,0.701911890904319,0.9090909090909092,origin,,,,
GTCACCTCCAATGACCAGGGNGG,AGCACCTCCAATGACCAGGTGTG,,0.7974761898190205,0.9521838049912332,extension,"position 16, base T->C",16.0,T,C
GTCACCTCCAATGACTAGGTNGG,AGCACCTCCAATGACCAGGTGTG,,0.7675326526018741,0.9138887419051162,extension,"position 20, base G->T",20.0,G,T
GGCACCTCCAATGACTAGGGNGG,AGCACCTCCAATGACCAGGTGTG,,0.7539802396388093,0.9090909090909092,extension,"position 2, base T->G",2.0,T,G
GTCACCTCCAATGACTAGGGNGG,GACACACCCAAAGACTAGGGAGG,,0.6771957555559339,0.9090909090909092,origin,,,,
GTCACCTCCAAAGACTAGGGNGG,GACACACCCAAAGACTAGGGAGG,,0.7621422856070064,0.9521838049912332,extension,"position 12, base T->A",12.0,T,A
GTCACCCCCAATGACTAGGGNGG,GACACACCCAAAGACTAGGGAGG,,0.7487660469867145,0.9138887419051162,extension,"position 7, base T->C",7.0,T,C
GTCACATCCAATGACTAGGGNGG,GACACACCCAAAGACTAGGGAGG,,0.7484569569796886,0.9090909090909092,extension,"position 6, base C->A",6.0,C,A
GTCACCTCCAAGGACTAGGGNGG,GACACACCCAAAGACTAGGGAGG,,0.7189640616401065,0.9138887419051162,extension,"position 12, base T->G",12.0,T,G
GTCACGTCCAATGACTAGGGNGG,GACACACCCAAAGACTAGGGAGG,,0.7113198010363302,0.9138887419051162,extension,"position 6, base C->G",6.0,C,G
GACACCTCCAATGACTAGGGNGG,GACACACCCAAAGACTAGGGAGG,,0.7069043075382078,0.9090909090909092,extension,"position 2, base T->A",2.0,T,A
GTCACTTCCAATGACTAGGGNGG,GACACACCCAAAGACTAGGGAGG,,0.6852969837584677,0.9090909090909092,extension,"position 6, base C->T",6.0,C,T
GGCACCTCCAATGACTAGGGNGG,GACACACCCAAAGACTAGGGAGG,,0.6837529793771133,0.9090909090909092,extension,"position 2, base T->G",2.0,T,G
GTCACCTCCAATGACTAGGGNGG,GCCATCTCCACTGACTAGGGGGA,,0.7028241110636183,0.9090909090909092,origin,,,,
GTCACCTCCACTGACTAGGGNGG,GCCATCTCCACTGACTAGGGGGA,,0.8094895674370811,0.9111620632936904,extension,"position 11, base A->C",11.0,A,C
GTCATCTCCAATGACTAGGGNGG,GCCATCTCCACTGACTAGGGGGA,,0.7754964876757818,0.9090909090909092,extension,"position 5, base C->T",5.0,C,T
GTCACCTCCATTGACTAGGGNGG,GCCATCTCCACTGACTAGGGGGA,,0.7396759051739802,0.9090909090909092,extension,"position 11, base A->T",11.0,A,T
GCCACCTCCAATGACTAGGGNGG,GCCATCTCCACTGACTAGGGGGA,,0.7372842191036565,0.9090909090909092,extension,"position 2, base T->C",2.0,T,C
GTCAGCTCCAATGACTAGGGNGG,GCCATCTCCACTGACTAGGGGGA,,0.6997941662705925,0.9138887419051162,extension,"position 5, base C->G",5.0,C,G
GCTGCAGAAGGGATTCCATGNGG,GCTGCAGAAGGGATTCCAAGGGG,,0.8577372279000164,0.9063927426945878,origin,,,,
GCTGCAGAAGGGATTCCAAGNGG,GCTGCAGAAGGGATTCCAAGGGG,,0.9413274540106016,0.9090909090909092,extension,"position 19, base T->A",19.0,T,A
GCTGCAGAAGGGATTCCATGNGG,GACGCAGAAGGGACTCCATGGGG,,0.7209687983223847,0.8310655631778119,origin,,,,
GCTGCAGAAGGGAATCCATGNGG,GACGCAGAAGGGACTCCATGGGG,,0.7097572411442313,0.9016642287168696,extension,"position 14, base T->A",14.0,T,A
GCCGCAGAAGGGATTCCATGNGG,GACGCAGAAGGGACTCCATGGGG,,0.7616774498023452,0.8270886075739978,extension,"position 3, base T->C",3.0,T,C
GTTGCAGAAGGGATTCCATGNGG,GACGCAGAAGGGACTCCATGGGG,,0.7295419930803615,0.837363073343543,extension,"position 2, base C->T",2.0,C,T
GATGCAGAAGGGATTCCATGNGG,GACGCAGAAGGGACTCCATGGGG,,0.7592505450626353,0.8035726841537476,extension,"position 2, base C->A",2.0,C,A
GCTGCAGAAGGGATTCCATGNGG,GGTACAGAAGGGCTTCCATGAGG,,0.7307264806842434,0.8310655631778119,origin,,,,
GCTGCAGAAGGGCTTCCATGNGG,GGTACAGAAGGGCTTCCATGAGG,,0.8520679804012714,0.8167730554410031,extension,"position 13, base A->C",13.0,A,C
GCTACAGAAGGGATTCCATGNGG,GGTACAGAAGGGCTTCCATGAGG,,0.7755136486331229,0.8583303449131825,extension,"position 4, base G->A",4.0,G,A
GGTGCAGAAGGGATTCCATGNGG,GGTACAGAAGGGCTTCCATGAGG,,0.7897278330532578,0.8270886075739978,extension,"position 2, base C->G",2.0,C,G
GCTGCAGAAGGGTTTCCATGNGG,GGTACAGAAGGGCTTCCATGAGG,,0.7699284010859686,0.8330314982537994,extension,"position 13, base A->T",13.0,A,T
GTTGCAGAAGGGATTCCATGNGG,GGTACAGAAGGGCTTCCATGAGG,,0.7376594843187676,0.837363073343543,extension,"position 2, base C->T",2.0,C,T
GCTGCAGAAGGGGTTCCATGNGG,GGTACAGAAGGGCTTCCATGAGG,,0.732911248778673,0.8350733478324335,extension,"position 13, base A->G",13.0,A,G
GCTGCAGAAGGGATTCCATGNGG,GCTGCAAAAAGGATTCCAGGGGG,,0.7249267007332845,0.8310655631778119,origin,,,,
GCTGCAGAAAGGATTCCATGNGG,GCTGCAAAAAGGATTCCAGGGGG,,0.7793896209342679,0.8517068503378167,extension,"position 10, base G->A",10.0,G,A
GCTGCACAAGGGATTCCATGNGG,GCTGCAAAAAGGATTCCAGGGGG,,0.6909066527743839,0.8897624378778988,extension,"position 7, base G->C",7.0,G,C
GCTGCATAAGGGATTCCATGNGG,GCTGCAAAAAGGATTCCAGGGGG,,0.7090961428807548,0.8694008628281923,extension,"position 7, base G->T",7.0,G,T
GCTGCAAAAGGGATTCCATGNGG,GCTGCAAAAAGGATTCCAGGGGG,,0.7708558908186357,0.8035726841537476,extension,"position 7, base G->A",7.0,G,A
GCTGCAGAAGGGATTCCAAGNGG,GCTGCAAAAAGGATTCCAGGGGG,,0.7237041702374599,0.8333333333333334,extension,"position 19, base T->A",19.0,T,A
GCTGCAGAAGGGATTCCAGGNGG,GCTGCAAAAAGGATTCCAGGGGG,,0.8363436422438346,0.7202274881735046,extension,"position 19, base T->G",19.0,T,G
GCTGCAGAAGGGATTCCATGNGG,ACTGCAAAATGGATTCCATGGGG,,0.7911152167554881,0.8310655631778119,origin,,,,
GCTGCAGAATGGATTCCATGNGG,ACTGCAAAATGGATTCCATGGGG,,0.8762394935793729,0.9016642287168696,extension,"position 10, base G->T",10.0,G,T
GCTGCAAAAGGGATTCCATGNGG,ACTGCAAAATGGATTCCATGGGG,,0.8370444068408394,0.8330314982537994,extension,"position 7, base G->A",7.0,G,A
GCTGCACAAGGGATTCCATGNGG,ACTGCAAAATGGATTCCATGGGG,,0.7570951687965876,0.8897624378778988,extension,"position 7, base G->C",7.0,G,C
GCTGCATAAGGGATTCCATGNGG,ACTGCAAAATGGATTCCATGGGG,,0.7752846589029586,0.8694008628281923,extension,"position 7, base G->T",7.0,G,T
GCTGCAGAACGGATTCCATGNGG,ACTGCAAAATGGATTCCATGGGG,,0.791912734969431,0.831058034943331,extension,"position 10, base G->C",10.0,G,C
GCTGCAGAAGGGATTCCATGNGG,GCTGGAGGAAGGATTCCATGGGG,,0.7098677755339475,0.8310655631778119,origin,,,,
GCTGGAGAAGGGATTCCATGNGG,GCTGGAGGAAGGATTCCATGGGG,,0.8076788416344745,0.8737878923580696,extension,"position 5, base C->G",5.0,C,G
GCTGCAGGAGGGATTCCATGNGG,GCTGGAGGAAGGATTCCATGGGG,,0.7990689521090161,0.8270886075739978,extension,"position 8, base A->G",8.0,A,G
GCTGCAGAAAGGATTCCATGNGG,GCTGGAGGAAGGATTCCATGGGG,,0.764330695734931,0.8517068503378167,extension,"position 10, base G->A",10.0,G,A
GCTGTAGAAGGGATTCCATGNGG,GCTGGAGGAAGGATTCCATGGGG,,0.7147140275512945,0.8694008628281923,extension,"position 5, base C->T",5.0,C,T
GCTGCAGCAGGGATTCCATGNGG,GCTGGAGGAAGGATTCCATGGGG,,0.6841593115240931,0.8694008628281923,extension,"position 8, base A->C",8.0,A,C
GCTGCAGAAGGGATTCCATGNGG,TGTGAAGAAGGGTTTCCATGAGG,,0.6716737300237438,0.8310655631778119,origin,,,,
GCTGCAGAAGGGTTTCCATGNGG,TGTGAAGAAGGGTTTCCATGAGG,,0.7765527160200263,0.8330314982537994,extension,"position 13, base A->T",13.0,A,T
GCTGTAGAAGGGATTCCATGNGG,TGTGAAGAAGGGTTTCCATGAGG,,0.6887381928139782,0.8694008628281923,extension,"position 5, base C->T",5.0,C,T
GGTGCAGAAGGGATTCCATGNGG,TGTGAAGAAGGGTTTCCATGAGG,,0.7306750823927582,0.7941060180768705,extension,"position 2, base C->G",2.0,C,G
GCTGCAGAAGGGGTTCCATGNGG,TGTGAAGAAGGGTTTCCATGAGG,,0.6857015355383375,0.8350733478324335,extension,"position 13, base A->G",13.0,A,G
GTTGCAGAAGGGATTCCATGNGG,TGTGAAGAAGGGTTTCCATGAGG,,0.678606733658268,0.837363073343543,extension,"position 2, base C->T",2.0,C,T
GCTGAAGAAGGGATTCCATGNGG,TGTGAAGAAGGGTTTCCATGAGG,,0.743506362704297,0.7687165569861882,extension,"position 5, base C->A",5.0,C,A
TCTGCAGAAGGGATTCCATGNGG,TGTGAAGAAGGGTTTCCATGAGG,,0.6747859280446787,0.837363073343543,extension,"position 1, base G->T",1.0,G,T
GCTGGAGAAGGGATTCCATGNGG,TGTGAAGAAGGGTTTCCATGAGG,,0.697491689748048,0.8073190902870149,extension,"position 5, base C->G",5.0,C,G
GCTGCAGAAGGGATTCCATGNGG,GCCACAGAAGGGATTCTATGAAG,,0.7327018098552458,0.8310655631778119,origin,,,,
GCTGCAGAAGGGATTCGATGNGG,GCCACAGAAGGGATTCTATGAAG,,0.7514171510566341,0.9016642287168696,extension,"position 17, base C->G",17.0,C,G
GCTACAGAAGGGATTCCATGNGG,GCCACAGAAGGGATTCTATGAAG,,0.7774889778041252,0.8228624091765616,extension,"position 4, base G->A",4.0,G,A
GCTGCAGAAGGGATTCTATGNGG,GCCACAGAAGGGATTCTATGAAG,,0.8530368940093385,0.7257108392098374,extension,"position 17, base C->T",17.0,C,T
GCCGCAGAAGGGATTCCATGNGG,GCCACAGAAGGGATTCTATGAAG,,0.7734104613352063,0.7941060180768705,extension,"position 3, base T->C",3.0,T,C
GCTGCAGAAGGGATTCCATGNGG,GCTGCTGAACAGATTCCATGGGG,,0.7195816672122927,0.8310655631778119,origin,,,,
GCTGCAGAACGGATTCCATGNGG,GCTGCTGAACAGATTCCATGGGG,,0.8253323607761436,0.9016642287168696,extension,"position 10, base G->C",10.0,G,C
GCTGCCGAAGGGATTCCATGNGG,GCTGCTGAACAGATTCCATGGGG,,0.7210609854494502,0.8694008628281923,extension,"position 6, base A->C",6.0,A,C
GCTGCAGAAGTGATTCCATGNGG,GCTGCTGAACAGATTCCATGGGG,,0.6713472742276295,0.9138887419051162,extension,"position 11, base G->T",11.0,G,T
GCTGCAGAATGGATTCCATGNGG,GCTGCTGAACAGATTCCATGGGG,,0.7480905417815716,0.8270886075739978,extension,"position 10, base G->T",10.0,G,T
GCTGCGGAAGGGATTCCATGNGG,GCTGCTGAACAGATTCCATGGGG,,0.7358433773200532,0.837363073343543,extension,"position 6, base A->G",6.0,A,G
GCTGCAGAAGAGATTCCATGNGG,GCTGCTGAACAGATTCCATGGGG,,0.7454782995657002,0.826791278443377,extension,"position 11, base G->A",11.0,G,A
GCTGCTGAAGGGATTCCATGNGG,GCTGCTGAACAGATTCCATGGGG,,0.7989016103824966,0.7704549629010525,extension,"position 6, base A->T",6.0,A,T
GCTGCAGAAGGGATTCCATGNGG,GCTGCTGAAAGGATTCTATGGGG,,0.694043082153854,0.8310655631778119,origin,,,,
GCTGCAGAAGGGATTCGATGNGG,GCTGCTGAAAGGATTCTATGGGG,,0.7127584233552423,0.9016642287168696,extension,"position 17, base C->G",17.0,C,G
GCTGCAGAAGGGATTCTATGNGG,GCTGCTGAAAGGATTCTATGGGG,,0.8143781663079468,0.7789774549902931,extension,"position 17, base C->T",17.0,C,T
GCTGCAGAAAGGATTCCATGNGG,GCTGCTGAAAGGATTCTATGGGG,,0.7485060023548374,0.826791278443377,extension,"position 10, base G->A",10.0,G,A
GCTGCCGAAGGGATTCCATGNGG,GCTGCTGAAAGGATTCTATGGGG,,0.6955224003910115,0.8694008628281923,extension,"position 6, base A->C",6.0,A,C
GCTGCGGAAGGGATTCCATGNGG,GCTGCTGAAAGGATTCTATGGGG,,0.7103047922616146,0.837363073343543,extension,"position 6, base A->G",6.0,A,G
GCTGCTGAAGGGATTCCATGNGG,GCTGCTGAAAGGATTCTATGGGG,,0.773363025324058,0.7704549629010525,extension,"position 6, base A->T",6.0,A,T
GCTGCAGAAGGGATTCCATGNGG,CAAGCAGAAGGGATTCCACAAGG,,0.6563442805437221,0.8310655631778119,origin,,,,
GCTGCAGAAGGGATTCCATANGG,CAAGCAGAAGGGATTCCACAAGG,,0.7149573936559688,0.9016642287168696,extension,"position 20, base G->A",20.0,G,A
GCTGCAGAAGGGATTCCACGNGG,CAAGCAGAAGGGATTCCACAAGG,,0.7604051293012885,0.8414319758623459,extension,"position 19, base T->C",19.0,T,C
GCAGCAGAAGGGATTCCATGNGG,CAAGCAGAAGGGATTCCACAAGG,,0.7038107459053148,0.837363073343543,extension,"position 3, base T->A",3.0,T,A
GCTGCAGAAGGGATTCCATTNGG,CAAGCAGAAGGGATTCCACAAGG,,0.641606771704666,0.8626060865312944,extension,"position 20, base G->T",20.0,G,T
GTTGCAGAAGGGATTCCATGNGG,CAAGCAGAAGGGATTCCACAAGG,,0.664917475301699,0.837363073343543,extension,"position 2, base C->T",2.0,C,T
GCGGCAGAAGGGATTCCATGNGG,CAAGCAGAAGGGATTCCACAAGG,,0.6578109492792287,0.837363073343543,extension,"position 3, base T->G",3.0,T,G
CCTGCAGAAGGGATTCCATGNGG,CAAGCAGAAGGGATTCCACAAGG,,0.6561480140786646,0.837363073343543,extension,"position 1, base G->C",1.0,G,C
GCTGCAGAAGGGATTCCATGNGG,TGTGCAGAAGGGACTCCATTAGG,,0.6651972864331379,0.8310655631778119,origin,,,,
GCTGCAGAAGGGATTCCATTNGG,TGTGCAGAAGGGACTCCATTAGG,,0.730818048130693,0.8626060865312944,extension,"position 20, base G->T",20.0,G,T
GCTGCAGAAGGGAATCCATGNGG,TGTGCAGAAGGGACTCCATTAGG,,0.6539857292549845,0.9016642287168696,extension,"position 14, base T->A",14.0,T,A
GCTGCAGAAGGGATTCCATANGG,TGTGCAGAAGGGACTCCATTAGG,,0.6405489852679604,0.9016642287168696,extension,"position 20, base G->A",20.0,G,A
GCTGCAGAAGGGATTCCATCNGG,TGTGCAGAAGGGACTCCATTAGG,,0.6189556368096023,0.9016642287168696,extension,"position 20, base G->C",20.0,G,C
GGTGCAGAAGGGATTCCATGNGG,TGTGCAGAAGGGACTCCATTAGG,,0.7241986388021524,0.7941060180768705,extension,"position 2, base C->G",2.0,C,G
GTTGCAGAAGGGATTCCATGNGG,TGTGCAGAAGGGACTCCATTAGG,,0.6721302900676621,0.837363073343543,extension,"position 2, base C->T",2.0,C,T
TCTGCAGAAGGGATTCCATGNGG,TGTGCAGAAGGGACTCCATTAGG,,0.6683094844540729,0.837363073343543,extension,"position 1, base G->T",1.0,G,T
GCTGCAGAAGGGATTCCATGNGG,ACTGCTAAAAGGATTCCATGTGG,,0.7436995156706536,0.8310655631778119,origin,,,,
GCTGCAGAAAGGATTCCATGNGG,ACTGCTAAAAGGATTCCATGTGG,,0.798162435871637,0.8167730554410031,extension,"position 10, base G->A",10.0,G,A
GCTGCCGAAGGGATTCCATGNGG,ACTGCTAAAAGGATTCCATGTGG,,0.7451788339078111,0.8694008628281923,extension,"position 6, base A->C",6.0,A,C
GCTGCACAAGGGATTCCATGNGG,ACTGCTAAAAGGATTCCATGTGG,,0.709679467711753,0.8897624378778988,extension,"position 7, base G->C",7.0,G,C
GCTGCGGAAGGGATTCCATGNGG,ACTGCTAAAAGGATTCCATGTGG,,0.7599612257784142,0.837363073343543,extension,"position 6, base A->G",6.0,A,G
GCTGCATAAGGGATTCCATGNGG,ACTGCTAAAAGGATTCCATGTGG,,0.7278689578181241,0.8694008628281923,extension,"position 7, base G->T",7.0,G,T
GCTGCAGAAGGGATTCCATGNGG,GCAGCAGAAGGGTAACCATGTGG,,0.6019102389829527,0.8310655631778119,origin,,,,
GCTGCAGAAGGGATACCATGNGG,GCAGCAGAAGGGTAACCATGTGG,,0.685194243930208,0.9232226786327404,extension,"position 15, base T->A",15.0,T,A
GCTGCAGAAGGGAATCCATGNGG,GCAGCAGAAGGGTAACCATGTGG,,0.7010246961750205,0.9016642287168696,extension,"position 14, base T->A",14.0,T,A
GCTGCAGAAGGGTTTCCATGNGG,GCAGCAGAAGGGTAACCATGTGG,,0.7067892249792352,0.8330314982537994,extension,"position 13, base A->T",13.0,A,T
GCTGCAGAAGGGATGCCATGNGG,GCAGCAGAAGGGTAACCATGTGG,,0.6296130057076268,0.8897624378778988,extension,"position 15, base T->G",15.0,T,G
GCAGCAGAAGGGATTCCATGNGG,GCAGCAGAAGGGTAACCATGTGG,,0.6493767043445454,0.837363073343543,extension,"position 3, base T->A",3.0,T,A
GCTGCAGAAGGGGTTCCATGNGG,GCAGCAGAAGGGTAACCATGTGG,,0.6159380444975464,0.8350733478324335,extension,"position 13, base A->G",13.0,A,G
GCTGCAGAAGGGATCCCATGNGG,GCAGCAGAAGGGTAACCATGTGG,,0.572048649150363,0.87817075626397,extension,"position 15, base T->C",15.0,T,C
GCGGCAGAAGGGATTCCATGNGG,GCAGCAGAAGGGTAACCATGTGG,,0.6033769077184592,0.837363073343543,extension,"position 3, base T->G",3.0,T,G
GCTGCAGAAGGGATTCCATGNGG,GCTGCAGTAAAGATTCCATCTGG,,0.6554258959046934,0.8310655631778119,origin,,,,
GCTGCAGAAGGGATTCCATCNGG,GCTGCAGTAAAGATTCCATCTGG,,0.7670329090903375,0.9016642287168696,extension,"position 20, base G->C",20.0,G,C
GCTGCAGAAGGGATTCCATANGG,GCTGCAGTAAAGATTCCATCTGG,,0.651754352497477,0.9016642287168696,extension,"position 20, base G->A",20.0,G,A
GCTGCAGAAGGGATTCCATTNGG,GCTGCAGTAAAGATTCCATCTGG,,0.6725157128433422,0.8626060865312944,extension,"position 20, base G->T",20.0,G,T
GCTGCAGCAGGGATTCCATGNGG,GCTGCAGTAAAGATTCCATCTGG,,0.6629629453080836,0.8694008628281923,extension,"position 8, base A->C",8.0,A,C
GCTGCAGAAAGGATTCCATGNGG,GCTGCAGTAAAGATTCCATCTGG,,0.7098888161056768,0.8167730554410031,extension,"position 10, base G->A",10.0,G,A
GCTGCAGTAGGGATTCCATGNGG,GCTGCAGTAAAGATTCCATCTGG,,0.7499405212015217,0.7700782106832333,extension,"position 8, base A->T",8.0,A,T
GCTGCAGAAGAGATTCCATGNGG,GCTGCAGTAAAGATTCCATCTGG,,0.6813225282581008,0.8167730554410031,extension,"position 11, base G->A",11.0,G,A
GCTGCAGAAGGGATTCCATGNGG,CATGGAGAAGGGATCCCATGAGG,,0.6347955253584558,0.8310655631778119,origin,,,,
GCTGCAGAAGGGATCCCATGNGG,CATGGAGAAGGGATCCCATGAGG,,0.7744492816664724,0.87817075626397,extension,"position 15, base T->C",15.0,T,C
GCTGCAGAAGGGATACCATGNGG,CATGGAGAAGGGATCCCATGAGG,,0.6367959558608804,0.9232226786327404,extension,"position 15, base T->A",15.0,T,A
GCTGGAGAAGGGATTCCATGNGG,CATGGAGAAGGGATCCCATGAGG,,0.7326065914589828,0.8073190902870149,extension,"position 5, base C->G",5.0,C,G
GCTGCAGAAGGGATGCCATGNGG,CATGGAGAAGGGATCCCATGAGG,,0.6297789661847937,0.8897624378778988,extension,"position 15, base T->G",15.0,T,G
GCTGTAGAAGGGATTCCATGNGG,CATGGAGAAGGGATCCCATGAGG,,0.6396417773758029,0.8694008628281923,extension,"position 5, base C->T",5.0,C,T
GTTGCAGAAGGGATTCCATGNGG,CATGGAGAAGGGATCCCATGAGG,,0.6433687201164326,0.837363073343543,extension,"position 2, base C->T",2.0,C,T
CCTGCAGAAGGGATTCCATGNGG,CATGGAGAAGGGATCCCATGAGG,,0.6345992588933984,0.837363073343543,extension,"position 1, base G->C",1.0,G,C
GCTGCAGAAGGGATTCCATGNGG,ACTGCTGAGAGGATTCCATGAGG,,0.6986408921861926,0.8310655631778119,origin,,,,
GCTGCAGAGGGGATTCCATGNGG,ACTGCTGAGAGGATTCCATGAGG,,0.7962058347992591,0.7993659429340647,extension,"position 9, base A->G",9.0,A,G
GCTGCAGAAAGGATTCCATGNGG,ACTGCTGAGAGGATTCCATGAGG,,0.753103812387176,0.8167730554410031,extension,"position 10, base G->A",10.0,G,A
GCTGCCGAAGGGATTCCATGNGG,ACTGCTGAGAGGATTCCATGAGG,,0.70012021042335,0.8694008628281923,extension,"position 6, base A->C",6.0,A,C
GCTGCAGACGGGATTCCATGNGG,ACTGCTGAGAGGATTCCATGAGG,,0.6877613737114391,0.8694008628281923,extension,"position 9, base A->C",9.0,A,C
GCTGCGGAAGGGATTCCATGNGG,ACTGCTGAGAGGATTCCATGAGG,,0.7149026022939531,0.837363073343543,extension,"position 6, base A->G",6.0,A,G
GCTGCAGATGGGATTCCATGNGG,ACTGCTGAGAGGATTCCATGAGG,,0.7098796790027878,0.837363073343543,extension,"position 9, base A->T",9.0,A,T
GCTGCAGAAGGGATTCCATGNGG,GCTCCAGGAGGGACTCCATGTGG,,0.6332356970961786,0.8310655631778119,origin,,,,
GCTCCAGAAGGGATTCCATGNGG,GCTCCAGGAGGGACTCCATGTGG,,0.7246063891657714,0.8228624091765616,extension,"position 4, base G->C",4.0,G,C
GCTGCAGGAGGGATTCCATGNGG,GCTCCAGGAGGGACTCCATGTGG,,0.7224368736712471,0.8035726841537476,extension,"position 8, base A->G",8.0,A,G
GCTGCAGAAGGGAATCCATGNGG,GCTCCAGGAGGGACTCCATGTGG,,0.6220241399180252,0.9016642287168696,extension,"position 14, base T->A",14.0,T,A
GCTACAGAAGGGATTCCATGNGG,GCTCCAGGAGGGACTCCATGTGG,,0.6590120383009636,0.8228624091765616,extension,"position 4, base G->A",4.0,G,A
GCTGCAGCAGGGATTCCATGNGG,GCTCCAGGAGGGACTCCATGTGG,,0.6075272330863242,0.8694008628281923,extension,"position 8, base A->C",8.0,A,C
GCTGCAGAAGGGATTCCATGNGG,AAGGAAGAAGGGATACCTTGAGG,,0.5492529977360932,0.8310655631778119,origin,,,,
GCTGCAGAAGGGATACCATGNGG,AAGGAAGAAGGGATACCTTGAGG,,0.6325370026833484,0.9232226786327404,extension,"position 15, base T->A",15.0,T,A
GCTGCAGAAGGGATTCCTTGNGG,AAGGAAGAAGGGATACCTTGAGG,,0.6768002967569487,0.8694008628281923,extension,"position 18, base A->T",18.0,A,T
GCTGCAGAAGGGATTCCCTGNGG,AAGGAAGAAGGGATACCTTGAGG,,0.562076703720523,0.9090909090909092,extension,"position 18, base A->C",18.0,A,C
GCTGCAGAAGGGATGCCATGNGG,AAGGAAGAAGGGATACCTTGAGG,,0.5769557644607672,0.8897624378778988,extension,"position 15, base T->G",15.0,T,G
GCGGCAGAAGGGATTCCATGNGG,AAGGAAGAAGGGATACCTTGAGG,,0.6099204204095453,0.837363073343543,extension,"position 3, base T->G",3.0,T,G
GCTGTAGAAGGGATTCCATGNGG,AAGGAAGAAGGGATACCTTGAGG,,0.5663174605263276,0.8694008628281923,extension,"position 5, base C->T",5.0,C,T
GCTGCAGAAGGGATTCCGTGNGG,AAGGAAGAAGGGATACCTTGAGG,,0.5976485587433984,0.837363073343543,extension,"position 18, base A->G",18.0,A,G
GTTGCAGAAGGGATTCCATGNGG,AAGGAAGAAGGGATACCTTGAGG,,0.5578261924940701,0.837363073343543,extension,"position 2, base C->T",2.0,C,T
GCTGAAGAAGGGATTCCATGNGG,AAGGAAGAAGGGATACCTTGAGG,,0.6210856304166464,0.7687165569861882,extension,"position 5, base C->A",5.0,C,A
GCTGGAGAAGGGATTCCATGNGG,AAGGAAGAAGGGATACCTTGAGG,,0.5750709574603974,0.8073190902870149,extension,"position 5, base C->G",5.0,C,G
GCAGCAGAAGGGATTCCATGNGG,AAGGAAGAAGGGATACCTTGAGG,,0.5434403957673981,0.837363073343543,extension,"position 3, base T->A",3.0,T,A
GCTGCAGAAGGGATTCCATGNGG,GCTGAAGAAGAGATTCCAGGAGG,,0.7252433845702633,0.8310655631778119,origin,,,,
GCTGTAGAAGGGATTCCATGNGG,GCTGAAGAAGAGATTCCAGGAGG,,0.7423078473604976,0.8694008628281923,extension,"position 5, base C->T",5.0,C,T
GCTGCAGAAGAGATTCCATGNGG,GCTGAAGAAGAGATTCCAGGAGG,,0.7511400169236707,0.8517068503378167,extension,"position 11, base G->A",11.0,G,A
GCTGAAGAAGGGATTCCATGNGG,GCTGAAGAAGAGATTCCAGGAGG,,0.7970760172508164,0.7995828096732249,extension,"position 5, base C->A",5.0,C,A
GCTGCAGAAGTGATTCCATGNGG,GCTGAAGAAGAGATTCCAGGAGG,,0.6770089915856001,0.9138887419051162,extension,"position 11, base G->T",11.0,G,T
GCTGGAGAAGGGATTCCATGNGG,GCTGAAGAAGAGATTCCAGGAGG,,0.7510613442945675,0.8073190902870149,extension,"position 5, base C->G",5.0,C,G
GCTGCAGAAGGGATTCCAAGNGG,GCTGAAGAAGAGATTCCAGGAGG,,0.7240208540744387,0.8333333333333334,extension,"position 19, base T->A",19.0,T,A
GCTGCAGAAGGGATTCCAGGNGG,GCTGAAGAAGAGATTCCAGGAGG,,0.8366603260808134,0.7202274881735046,extension,"position 19, base T->G",19.0,T,G
GCTGCAGAAGGGATTCCATGNGG,CCTGTGGAAGAGATTCCATTAGG,,0.6657233924446341,0.8310655631778119,origin,,,,
GCTGTAGAAGGGATTCCATGNGG,CCTGTGGAAGAGATTCCATTAGG,,0.7383957690567976,0.8694008628281923,extension,"position 5, base C->T",5.0,C,T
GCTGCAGAAGGGATTCCATTNGG,CCTGTGGAAGAGATTCCATTAGG,,0.731344154142189,0.8626060865312944,extension,"position 20, base G->T",20.0,G,T
GCTGCGGAAGGGATTCCATGNGG,CCTGTGGAAGAGATTCCATTAGG,,0.7361028142521656,0.837363073343543,extension,"position 6, base A->G",6.0,A,G
GCTGCAGAAGGGATTCCATANGG,CCTGTGGAAGAGATTCCATTAGG,,0.6410750912794566,0.9016642287168696,extension,"position 20, base G->A",20.0,G,A
GCTGCCGAAGGGATTCCATGNGG,CCTGTGGAAGAGATTCCATTAGG,,0.6436703477685324,0.8694008628281923,extension,"position 6, base A->C",6.0,A,C
GCTGCAGAAGAGATTCCATGNGG,CCTGTGGAAGAGATTCCATTAGG,,0.6916200247980415,0.8167730554410031,extension,"position 11, base G->A",11.0,G,A
CCTGCAGAAGGGATTCCATGNGG,CCTGTGGAAGAGATTCCATTAGG,,0.6655271259795766,0.837363073343543,extension,"position 1, base G->C",1.0,G,C
GCTGCAGAAGGGATTCCATGNGG,GAAGCAGAAAGAATTCCATGGGG,,0.7552457529415824,0.8310655631778119,origin,,,,
GCTGCAGAAGGAATTCCATGNGG,GAAGCAGAAAGAATTCCATGGGG,,0.7984239769084823,0.87817075626397,extension,"position 12, base G->A",12.0,G,A
GCAGCAGAAGGGATTCCATGNGG,GAAGCAGAAAGAATTCCATGGGG,,0.8027122183031751,0.837363073343543,extension,"position 3, base T->A",3.0,T,A
GCTGCAGAAGGTATTCCATGNGG,GAAGCAGAAAGAATTCCATGGGG,,0.7134774468574098,0.9138887419051162,extension,"position 12, base G->T",12.0,G,T
GCTGCAGAAAGGATTCCATGNGG,GAAGCAGAAAGAATTCCATGGGG,,0.8097086731425658,0.8167730554410031,extension,"position 10, base G->A",10.0,G,A
GTTGCAGAAGGGATTCCATGNGG,GAAGCAGAAAGAATTCCATGGGG,,0.7638189476995593,0.837363073343543,extension,"position 2, base C->T",2.0,C,T
GCGGCAGAAGGGATTCCATGNGG,GAAGCAGAAAGAATTCCATGGGG,,0.756712421677089,0.837363073343543,extension,"position 3, base T->G",3.0,T,G
GCTGCAGAAGGGATTCCATGNGG,TCTGCAGGCGGGACTCCATGAAG,,0.6000888375299785,0.8310655631778119,origin,,,,
GCTGCAGACGGGATTCCATGNGG,TCTGCAGGCGGGACTCCATGAAG,,0.690199539932365,0.8694008628281923,extension,"position 9, base A->C",9.0,A,C
GCTGCAGAAGGGAATCCATGNGG,TCTGCAGGCGGGACTCCATGAAG,,0.5888772803518252,0.9016642287168696,extension,"position 14, base T->A",14.0,T,A
GCTGCAGGAGGGATTCCATGNGG,TCTGCAGGCGGGACTCCATGAAG,,0.6892900141050471,0.7941060180768705,extension,"position 8, base A->G",8.0,A,G
GCTGCAGATGGGATTCCATGNGG,TCTGCAGGCGGGACTCCATGAAG,,0.638531426772827,0.837363073343543,extension,"position 9, base A->T",9.0,A,T
GCTGCAGCAGGGATTCCATGNGG,TCTGCAGGCGGGACTCCATGAAG,,0.5743803735201242,0.8694008628281923,extension,"position 8, base A->C",8.0,A,C
TCTGCAGAAGGGATTCCATGNGG,TCTGCAGGCGGGACTCCATGAAG,,0.6032010355509135,0.837363073343543,extension,"position 1, base G->T",1.0,G,T
GCTGCAGAAGGGATTCCATGNGG,ACTGAGGTAGGAATTCCATCTGG,,0.539093480014361,0.8310655631778119,origin,,,,
GCTGCAGAAGGGATTCCATCNGG,ACTGAGGTAGGAATTCCATCTGG,,0.6507004932000052,0.9016642287168696,extension,"position 20, base G->C",20.0,G,C
GCTGCAGAAGGAATTCCATGNGG,ACTGAGGTAGGAATTCCATCTGG,,0.5822717039812609,0.87817075626397,extension,"position 12, base G->A",12.0,G,A
GCTGCGGAAGGGATTCCATGNGG,ACTGAGGTAGGAATTCCATCTGG,,0.6094729018218926,0.837363073343543,extension,"position 6, base A->G",6.0,A,G
GCTGCAGAAGGGATTCCATANGG,ACTGAGGTAGGAATTCCATCTGG,,0.5354219366071448,0.9016642287168696,extension,"position 20, base G->A",20.0,G,A
GCTGTAGAAGGGATTCCATGNGG,ACTGAGGTAGGAATTCCATCTGG,,0.5561579428045954,0.8694008628281923,extension,"position 5, base C->T",5.0,C,T
GCTGCAGAAGGGATTCCATTNGG,ACTGAGGTAGGAATTCCATCTGG,,0.5561832969530099,0.8626060865312944,extension,"position 20, base G->T",20.0,G,T
GCTGCAGCAGGGATTCCATGNGG,ACTGAGGTAGGAATTCCATCTGG,,0.5466305294177513,0.8694008628281923,extension,"position 8, base A->C",8.0,A,C
GCTGCAGTAGGGATTCCATGNGG,ACTGAGGTAGGAATTCCATCTGG,,0.6336081053111894,0.7700782106832333,extension,"position 8, base A->T",8.0,A,T
GCTGCCGAAGGGATTCCATGNGG,ACTGAGGTAGGAATTCCATCTGG,,0.5170404353382594,0.8694008628281923,extension,"position 6, base A->C",6.0,A,C
GCTGAAGAAGGGATTCCATGNGG,ACTGAGGTAGGAATTCCATCTGG,,0.6109261126949143,0.7687165569861882,extension,"position 5, base C->A",5.0,C,A
GCTGGAGAAGGGATTCCATGNGG,ACTGAGGTAGGAATTCCATCTGG,,0.5649114397386652,0.8073190902870149,extension,"position 5, base C->G",5.0,C,G
GCTGCAGAAGGGATTCCATGNGG,GGTACAGAAGGGAGTCCATGGGG,,0.6861759096612873,0.8310655631778119,origin,,,,
GCTGCAGAAGGGAGTCCATGNGG,GGTACAGAAGGGAGTCCATGGGG,,0.8399649142444944,0.8737878923580696,extension,"position 14, base T->G",14.0,T,G
GCTGCAGAAGGGAATCCATGNGG,GGTACAGAAGGGAGTCCATGGGG,,0.7139802164447986,0.9016642287168696,extension,"position 14, base T->A",14.0,T,A
GCTACAGAAGGGATTCCATGNGG,GGTACAGAAGGGAGTCCATGGGG,,0.7309630776101668,0.8330314982537994,extension,"position 4, base G->A",4.0,G,A
GGTGCAGAAGGGATTCCATGNGG,GGTACAGAAGGGAGTCCATGGGG,,0.7451772620303018,0.8035726841537476,extension,"position 2, base C->G",2.0,C,G
GTTGCAGAAGGGATTCCATGNGG,GGTACAGAAGGGAGTCCATGGGG,,0.6931089132958115,0.837363073343543,extension,"position 2, base C->T",2.0,C,T
GGCGGCTGCACAACCAGTGGNGG,TGCGGCTGCACAGCCAGTGGGAG,,0.791228222027028,0.9090909090909092,origin,,,,
TGCGGCTGCACAACCAGTGGNGG,TGCGGCTGCACAGCCAGTGGGAG,,0.7943404200479629,0.9090909090909092,extension,"position 1, base G->T",1.0,G,T
GGCGGCTGCACAGCCAGTGGNGG,TGCGGCTGCACAGCCAGTGGGAG,,0.9027221162606116,0.7985794230359499,extension,"position 13, base A->G",13.0,A,G
GGCGGCTGCACAACCAGTGGNGG,ATAGGCTGCACACCCAGTGGGGG,,0.7200679323683616,0.9090909090909092,origin,,,,
GGCGGCTGCACACCCAGTGGNGG,ATAGGCTGCACACCCAGTGGGGG,,0.8414094320853897,0.8737878923580696,extension,"position 13, base A->C",13.0,A,C
GGAGGCTGCACAACCAGTGGNGG,ATAGGCTGCACACCCAGTGGGGG,,0.767260283756592,0.9090909090909092,extension,"position 3, base C->A",3.0,C,A
GGCGGCTGCACATCCAGTGGNGG,ATAGGCTGCACACCCAGTGGGGG,,0.7592698527700869,0.9138887419051162,extension,"position 13, base A->T",13.0,A,T
GTCGGCTGCACAACCAGTGGNGG,ATAGGCTGCACACCCAGTGGGGG,,0.7592375565302077,0.9090909090909092,extension,"position 2, base G->T",2.0,G,T
GCCGGCTGCACAACCAGTGGNGG,ATAGGCTGCACACCCAGTGGGGG,,0.7211008314325753,0.9090909090909092,extension,"position 2, base G->C",2.0,G,C
GGCGGCTGCACAACCAGTGGNGG,TGGGGGCGCACAGCCAGTGGGGG,,0.5753445054585785,0.9090909090909092,origin,,,,
GGCGGCCGCACAACCAGTGGNGG,TGGGGGCGCACAGCCAGTGGGGG,,0.646914796889359,0.9138887419051162,extension,"position 7, base T->C",7.0,T,C
GGCGGGTGCACAACCAGTGGNGG,TGGGGGCGCACAGCCAGTGGGGG,,0.6677769719422118,0.8626060865312944,extension,"position 6, base C->G",6.0,C,G
GGGGGCTGCACAACCAGTGGNGG,TGGGGGCGCACAGCCAGTGGGGG,,0.6473034753487856,0.8694008628281923,extension,"position 3, base C->G",3.0,C,G
GGCGGATGCACAACCAGTGGNGG,TGGGGGCGCACAGCCAGTGGGGG,,0.5973975501346802,0.9090909090909092,extension,"position 6, base C->A",6.0,C,A
GGCGGTTGCACAACCAGTGGNGG,TGGGGGCGCACAGCCAGTGGGGG,,0.5950088084921845,0.9090909090909092,extension,"position 6, base C->T",6.0,C,T
GGTGGCTGCACAACCAGTGGNGG,TGGGGGCGCACAGCCAGTGGGGG,,0.5866360526753335,0.9090909090909092,extension,"position 3, base C->T",3.0,C,T
GGAGGCTGCACAACCAGTGGNGG,TGGGGGCGCACAGCCAGTGGGGG,,0.5808234507066383,0.9090909090909092,extension,"position 3, base C->A",3.0,C,A
TGCGGCTGCACAACCAGTGGNGG,TGGGGGCGCACAGCCAGTGGGGG,,0.5784567034795134,0.9090909090909092,extension,"position 1, base G->T",1.0,G,T
GGCGGCTGCACAGCCAGTGGNGG,TGGGGGCGCACAGCCAGTGGGGG,,0.686838399692162,0.7985794230359499,extension,"position 13, base A->G",13.0,A,G
GGCGGCTGCACAACCAGTGGNGG,GCAGGCTACACAACCAGTGAGGG,,0.7284998369683646,0.9090909090909092,origin,,,,
GCCGGCTGCACAACCAGTGGNGG,GCAGGCTACACAACCAGTGAGGG,,0.7816667202735436,0.9090909090909092,extension,"position 2, base G->C",2.0,G,C
GGCGGCTGCACAACCAGTGANGG,GCAGGCTACACAACCAGTGAGGG,,0.7871129500806112,0.9016642287168696,extension,"position 20, base G->A",20.0,G,A
GGAGGCTGCACAACCAGTGGNGG,GCAGGCTACACAACCAGTGAGGG,,0.7756921883565949,0.9090909090909092,extension,"position 3, base C->A",3.0,C,A
GGCGGCTACACAACCAGTGGNGG,GCAGGCTACACAACCAGTGAGGG,,0.7692964651342284,0.9138887419051162,extension,"position 8, base G->A",8.0,G,A
GTCGGCTGCACAACCAGTGGNGG,GCAGGCTACACAACCAGTGAGGG,,0.7472066122335055,0.9090909090909092,extension,"position 2, base G->T",2.0,G,T
GACGGCTGCACAACCAGTGGNGG,GCAGGCTACACAACCAGTGAGGG,,0.7398352169806225,0.9090909090909092,extension,"position 2, base G->A",2.0,G,A
GGCGGCTGCACAACCAGTGGNGG,GGGGGCTGCACAGCCAGAGGAGG,,0.6789774077838294,0.9090909090909092,origin,,,,
GGGGGCTGCACAACCAGTGGNGG,GGGGGCTGCACAGCCAGAGGAGG,,0.7509363776740365,0.9090909090909092,extension,"position 3, base C->G",3.0,C,G
GGCGGCTGCACAACCAGAGGNGG,GGGGGCTGCACAGCCAGAGGAGG,,0.7663462086171785,0.87817075626397,extension,"position 18, base T->A",18.0,T,A
GGCGGCTGCACAGCCAGTGGNGG,GGGGGCTGCACAGCCAGAGGAGG,,0.790471302017413,0.8319424641902846,extension,"position 13, base A->G",13.0,A,G
GGTGGCTGCACAACCAGTGGNGG,GGGGGCTGCACAGCCAGAGGAGG,,0.6902689550005845,0.9090909090909092,extension,"position 3, base C->T",3.0,C,T
GGAGGCTGCACAACCAGTGGNGG,GGGGGCTGCACAGCCAGAGGAGG,,0.6844563530318893,0.9090909090909092,extension,"position 3, base C->A",3.0,C,A
GGCGGCTGCACAACCAGTGGNGG,CAGGACTGCACAGCCAGTGGGGG,,0.64573839813244,0.9090909090909092,origin,,,,
GGCGACTGCACAACCAGTGGNGG,CAGGACTGCACAGCCAGTGGGGG,,0.691753071088689,0.9138887419051162,extension,"position 5, base G->A",5.0,G,A
GGGGGCTGCACAACCAGTGGNGG,CAGGACTGCACAGCCAGTGGGGG,,0.717697368022647,0.8694008628281923,extension,"position 3, base C->G",3.0,C,G
GACGGCTGCACAACCAGTGGNGG,CAGGACTGCACAGCCAGTGGGGG,,0.6688897262935344,0.9090909090909092,extension,"position 2, base G->A",2.0,G,A
GGTGGCTGCACAACCAGTGGNGG,CAGGACTGCACAGCCAGTGGGGG,,0.657029945349195,0.9090909090909092,extension,"position 3, base C->T",3.0,C,T
GGAGGCTGCACAACCAGTGGNGG,CAGGACTGCACAGCCAGTGGGGG,,0.6512173433804999,0.9090909090909092,extension,"position 3, base C->A",3.0,C,A
AGCGGCTGCACAACCAGTGGNGG,CAGGACTGCACAGCCAGTGGGGG,,0.6472105938237247,0.9090909090909092,extension,"position 1, base G->A",1.0,G,A
GGCGGCTGCACAGCCAGTGGNGG,CAGGACTGCACAGCCAGTGGGGG,,0.7572322923660235,0.7985794230359499,extension,"position 13, base A->G",13.0,A,G
GGCGGCTGCACAACCAGTGGNGG,GGCAACTACACAGCCAGTGGTGG,,0.680870216819428,0.9090909090909092,origin,,,,
GGCGACTGCACAACCAGTGGNGG,GGCAACTACACAGCCAGTGGTGG,,0.726884889775677,0.9138887419051162,extension,"position 5, base G->A",5.0,G,A
GGCGGCTACACAACCAGTGGNGG,GGCAACTACACAGCCAGTGGTGG,,0.7216668449852919,0.9138887419051162,extension,"position 8, base G->A",8.0,G,A
GGCAGCTGCACAACCAGTGGNGG,GGCAACTACACAGCCAGTGGTGG,,0.7256573847683074,0.8917550291862504,extension,"position 4, base G->A",4.0,G,A
GGCGGCTGCACAGCCAGTGGNGG,GGCAACTACACAGCCAGTGGTGG,,0.7923641110530115,0.7985794230359499,extension,"position 13, base A->G",13.0,A,G
GGCGGCTGCACAACCAGTGGNGG,GCAGGCTGCACAGCCAGGGGCGG,,0.5871127149396972,0.9090909090909092,origin,,,,
GGCGGCTGCACAACCAGGGGNGG,GCAGGCTGCACAGCCAGGGGCGG,,0.7326529494118267,0.8370583125791701,extension,"position 18, base T->G",18.0,T,G
GCCGGCTGCACAACCAGTGGNGG,GCAGGCTGCACAGCCAGGGGCGG,,0.6402795982448762,0.9090909090909092,extension,"position 2, base G->C",2.0,G,C
GGAGGCTGCACAACCAGTGGNGG,GCAGGCTGCACAGCCAGGGGCGG,,0.6343050663279275,0.9090909090909092,extension,"position 3, base C->A",3.0,C,A
GTCGGCTGCACAACCAGTGGNGG,GCAGGCTGCACAGCCAGGGGCGG,,0.605819490204838,0.9090909090909092,extension,"position 2, base G->T",2.0,G,T
GACGGCTGCACAACCAGTGGNGG,GCAGGCTGCACAGCCAGGGGCGG,,0.5984480949519552,0.9090909090909092,extension,"position 2, base G->A",2.0,G,A
GGCGGCTGCACAGCCAGTGGNGG,GCAGGCTGCACAGCCAGGGGCGG,,0.6986066091732808,0.7985794230359499,extension,"position 13, base A->G",13.0,A,G
GCATTTTCAGGAGGAAGCGANGG,GCATTTTCAGAAGGAAGCAAGGG,,0.8320612537288675,0.8969935646093702,origin,,,,
GCATTTTCAGGAGGAAGCAANGG,GCATTTTCAGAAGGAAGCAAGGG,,0.9027054763983052,0.8897624378778988,extension,"position 19, base G->A",19.0,G,A
GCATTTTCAGAAGGAAGCGANGG,GCATTTTCAGAAGGAAGCAAGGG,,0.857957886082275,0.9111620632936904,extension,"position 11, base G->A",11.0,G,A
GCATTTTCAGGAGGAAGCGANGG,ACAATCTCAGGAGGAAGGGAGGG,,0.6578462607981197,0.8270886075739978,origin,,,,
GCATTTTCAGGAGGAAGGGANGG,ACAATCTCAGGAGGAAGGGAGGG,,0.8225928977433024,0.8414319758623459,extension,"position 18, base C->G",18.0,C,G
GCAATTTCAGGAGGAAGCGANGG,ACAATCTCAGGAGGAAGGGAGGG,,0.7167255472851568,0.9090909090909092,extension,"position 4, base T->A",4.0,T,A
GCATTCTCAGGAGGAAGCGANGG,ACAATCTCAGGAGGAAGGGAGGG,,0.7046928087839581,0.9090909090909092,extension,"position 6, base T->C",6.0,T,C
GCACTTTCAGGAGGAAGCGANGG,ACAATCTCAGGAGGAAGGGAGGG,,0.6660117484367093,0.9090909090909092,extension,"position 4, base T->C",4.0,T,C
GCAGTTTCAGGAGGAAGCGANGG,ACAATCTCAGGAGGAAGGGAGGG,,0.6719383793362774,0.8969935646093702,extension,"position 4, base T->G",4.0,T,G
GCATTTTCAGGAGGAAGAGANGG,ACAATCTCAGGAGGAAGGGAGGG,,0.693438944874269,0.8737878923580696,extension,"position 18, base C->A",18.0,C,A
TCATTTTCAGGAGGAAGCGANGG,ACAATCTCAGGAGGAAGGGAGGG,,0.6380273811224515,0.9090909090909092,extension,"position 1, base G->T",1.0,G,T
ACATTTTCAGGAGGAAGCGANGG,ACAATCTCAGGAGGAAGGGAGGG,,0.6340547705121298,0.9090909090909092,extension,"position 1, base G->A",1.0,G,A
GCATTATCAGGAGGAAGCGANGG,ACAATCTCAGGAGGAAGGGAGGG,,0.6337941683513078,0.9090909090909092,extension,"position 6, base T->A",6.0,T,A
CCATTTTCAGGAGGAAGCGANGG,ACAATCTCAGGAGGAAGGGAGGG,,0.6301329527752263,0.9090909090909092,extension,"position 1, base G->C",1.0,G,C
GAATTTTCAGGAGGAAGCGANGG,ACAATCTCAGGAGGAAGGGAGGG,,0.6160147575051986,0.9090909090909092,extension,"position 2, base C->A",2.0,C,A
GCATTTTCAGGGGGAAGCGANGG,ACAATCTCAGGAGGAAGGGAGGG,,0.6146680368312198,0.9090909090909092,extension,"position 12, base A->G",12.0,A,G
GCATTGTCAGGAGGAAGCGANGG,ACAATCTCAGGAGGAAGGGAGGG,,0.613086233421876,0.9090909090909092,extension,"position 6, base T->G",6.0,T,G
GTATTTTCAGGAGGAAGCGANGG,ACAATCTCAGGAGGAAGGGAGGG,,0.6233861527580815,0.8969935646093702,extension,"position 2, base C->T",2.0,C,T
GTGCGGCAAGAGCTTCAGCCNGG,GTGTGGCAAGGGCTTCAGCCAGG,,0.7936592675329672,0.8852139526715049,origin,,,,
GTGCGGCAAGGGCTTCAGCCNGG,GTGTGGCAAGGGCTTCAGCCAGG,,0.9033467460400036,0.7920464595444053,extension,"position 11, base A->G",11.0,A,G
GTGCGGCAAGTGCTTCAGCCNGG,GTGTGGCAAGGGCTTCAGCCAGG,,0.785428059734087,0.8969935646093702,extension,"position 11, base A->T",11.0,A,T
GTGCGGCAAGAGCTTCAGCCNGG,GTGAGGGAAGAGCTTCAGCAAGG,,0.6726843558892456,0.8475382150743486,origin,,,,
GTGCGGGAAGAGCTTCAGCCNGG,GTGAGGGAAGAGCTTCAGCAAGG,,0.7934747432849073,0.9138887419051162,extension,"position 7, base C->G",7.0,C,G
GTGCGGCAAGAGCTTCAGCANGG,GTGAGGGAAGAGCTTCAGCAAGG,,0.7807940661464378,0.9138887419051162,extension,"position 20, base C->A",20.0,C,A
GTGCGGCAAGAGCTTCAGCGNGG,GTGAGGGAAGAGCTTCAGCAAGG,,0.722180953034191,0.9138887419051162,extension,"position 20, base C->G",20.0,C,G
GTGCGGCAAGAGCTTCAGCTNGG,GTGAGGGAAGAGCTTCAGCAAGG,,0.7074434441951349,0.9090909090909092,extension,"position 20, base C->T",20.0,C,T
GTGCGGTAAGAGCTTCAGCCNGG,GTGAGGGAAGAGCTTCAGCAAGG,,0.6996429565713844,0.9090909090909092,extension,"position 7, base C->T",7.0,C,T
GTGAGGCAAGAGCTTCAGCCNGG,GTGAGGGAAGAGCTTCAGCAAGG,,0.7233981547376931,0.8228624091765616,extension,"position 4, base C->A",4.0,C,A
GCGCGGCAAGAGCTTCAGCCNGG,GTGAGGGAAGAGCTTCAGCAAGG,,0.6345476307916131,0.9090909090909092,extension,"position 2, base T->C",2.0,T,C
GTGCGGCGAGAGCTTCAGCCNGG,GTGAGGGAAGAGCTTCAGCAAGG,,0.6318877277233818,0.9090909090909092,extension,"position 8, base A->G",8.0,A,G
CTGCGGCAAGAGCTTCAGCCNGG,GTGAGGGAAGAGCTTCAGCAAGG,,0.629964832765789,0.9090909090909092,extension,"position 1, base G->C",1.0,G,C
GTGCGGCAAGAGCTTCAGCCNGG,GTGAGGCAGGAGCATCAGCCCGG,,0.7122650114737871,0.8475382150743486,origin,,,,
GTGCGGCAAGAGCATCAGCCNGG,GTGAGGCAGGAGCATCAGCCCGG,,0.8113794686658549,0.9138887419051162,extension,"position 14, base T->A",14.0,T,A
GTGCGGCAAGAGCGTCAGCCNGG,GTGAGGCAGGAGCATCAGCCCGG,,0.7259524184754211,0.9090909090909092,extension,"position 14, base T->G",14.0,T,G
GTGCGGCATGAGCTTCAGCCNGG,GTGAGGCAGGAGCATCAGCCCGG,,0.7235037982903822,0.9090909090909092,extension,"position 9, base A->T",9.0,A,T
GTGAGGCAAGAGCTTCAGCCNGG,GTGAGGCAGGAGCATCAGCCCGG,,0.7629788103222346,0.8475382150743486,extension,"position 4, base C->A",4.0,C,A
GTGCGGCACGAGCTTCAGCCNGG,GTGAGGCAGGAGCATCAGCCCGG,,0.7013854929990336,0.9090909090909092,extension,"position 9, base A->C",9.0,A,C
GTGCGGCAGGAGCTTCAGCCNGG,GTGAGGCAGGAGCATCAGCCCGG,,0.8098299540868537,0.7998608881943252,extension,"position 9, base A->G",9.0,A,G
GTGCGGCAAGAGCCTCAGCCNGG,GTGAGGCAGGAGCATCAGCCCGG,,0.6818148555841057,0.9090909090909092,extension,"position 14, base T->C",14.0,T,C
GCGCGGCAAGAGCTTCAGCCNGG,GTGAGGCAGGAGCATCAGCCCGG,,0.6741282863761546,0.9090909090909092,extension,"position 2, base T->C",2.0,T,C
GTGCGGCGAGAGCTTCAGCCNGG,GTGAGGCAGGAGCATCAGCCCGG,,0.6714683833079232,0.9090909090909092,extension,"position 8, base A->G",8.0,A,G
CTGCGGCAAGAGCTTCAGCCNGG,GTGAGGCAGGAGCATCAGCCCGG,,0.6695454883503305,0.9090909090909092,extension,"position 1, base G->C",1.0,G,C
GTGCGGCAAGAGCTTCAGCCNGG,GTGGGGCAAGAGGTTCAGCCTGG,,0.7293914477882927,0.8583303449131825,origin,,,,
GTGCGGCAAGAGGTTCAGCCNGG,GTGGGGCAAGAGGTTCAGCCTGG,,0.8871661141302992,0.9016642287168696,extension,"position 13, base C->G",13.0,C,G
GTGCGGCAAGAGATTCAGCCNGG,GTGGGGCAAGAGGTTCAGCCTGG,,0.7756722198967156,0.9138887419051162,extension,"position 13, base C->A",13.0,C,A
GTGCGGCAAGAGTTTCAGCCNGG,GTGGGGCAAGAGGTTCAGCCTGG,,0.7542993356588443,0.9090909090909092,extension,"position 13, base C->T",13.0,C,T
GCGCGGCAAGAGCTTCAGCCNGG,GTGGGGCAAGAGGTTCAGCCTGG,,0.6912547226906602,0.9090909090909092,extension,"position 2, base T->C",2.0,T,C
GTGCGGCGAGAGCTTCAGCCNGG,GTGGGGCAAGAGGTTCAGCCTGG,,0.6885948196224287,0.9090909090909092,extension,"position 8, base A->G",8.0,A,G
CTGCGGCAAGAGCTTCAGCCNGG,GTGGGGCAAGAGGTTCAGCCTGG,,0.686671924664836,0.9090909090909092,extension,"position 1, base G->C",1.0,G,C
GAGCGGCAAGAGCTTCAGCCNGG,GTGGGGCAAGAGGTTCAGCCTGG,,0.6813423663790111,0.9090909090909092,extension,"position 2, base T->A",2.0,T,A
GTGCGGCAAGAGCTTCAGCCNGG,ATGGGGAAAGAGCTTCAGCCTGG,,0.7901183334146855,0.8475382150743486,origin,,,,
GTGCGGTAAGAGCTTCAGCCNGG,ATGGGGAAAGAGCTTCAGCCTGG,,0.8083078235210566,0.9090909090909092,extension,"position 7, base C->T",7.0,C,T
GTGCGGGAAGAGCTTCAGCCNGG,ATGGGGAAAGAGCTTCAGCCTGG,,0.8241383813735861,0.8737878923580696,extension,"position 7, base C->G",7.0,C,G
ATGCGGCAAGAGCTTCAGCCNGG,ATGGGGAAAGAGCTTCAGCCTGG,,0.7663268431286956,0.9090909090909092,extension,"position 1, base G->A",1.0,G,A
CTGCGGCAAGAGCTTCAGCCNGG,ATGGGGAAAGAGCTTCAGCCTGG,,0.7624050253917922,0.9090909090909092,extension,"position 1, base G->C",1.0,G,C
GTGCGGAAAGAGCTTCAGCCNGG,ATGGGGAAAGAGCTTCAGCCTGG,,0.8700675714589373,0.7998608881943252,extension,"position 7, base C->A",7.0,C,A
GCGCGGCAAGAGCTTCAGCCNGG,ATGGGGAAAGAGCTTCAGCCTGG,,0.7519816083170531,0.9090909090909092,extension,"position 2, base T->C",2.0,T,C
GTGCGGCGAGAGCTTCAGCCNGG,ATGGGGAAAGAGCTTCAGCCTGG,,0.7493217052488217,0.9090909090909092,extension,"position 8, base A->G",8.0,A,G
GAGCGGCAAGAGCTTCAGCCNGG,ATGGGGAAAGAGCTTCAGCCTGG,,0.742069252005404,0.9090909090909092,extension,"position 2, base T->A",2.0,T,A
TTGCGGCAAGAGCTTCAGCCNGG,ATGGGGAAAGAGCTTCAGCCTGG,,0.7702994537390173,0.8694008628281923,extension,"position 1, base G->T",1.0,G,T
GTGGGGCAAGAGCTTCAGCCNGG,ATGGGGAAAGAGCTTCAGCCTGG,,0.8657901036121388,0.7724036250755894,extension,"position 4, base C->G",4.0,C,G
GTGCGGCAAGAGCTTCAGCCNGG,GTGTGGCAAGAGCTTCAGCAGGA,,0.7839658226712574,0.8475382150743486,origin,,,,
GTGCGGCAAGAGCTTCAGCANGG,GTGTGGCAAGAGCTTCAGCAGGA,,0.8920755329284495,0.8737878923580696,extension,"position 20, base C->A",20.0,C,A
GTGCGGCAAGAGCTTCAGCGNGG,GTGTGGCAAGAGCTTCAGCAGGA,,0.8334624198162028,0.9138887419051162,extension,"position 20, base C->G",20.0,C,G
GTGCGGCAAGAGCTTCAGCTNGG,GTGTGGCAAGAGCTTCAGCAGGA,,0.8187249109771467,0.9090909090909092,extension,"position 20, base C->T",20.0,C,T
GCGCGGCAAGAGCTTCAGCCNGG,GTGTGGCAAGAGCTTCAGCAGGA,,0.7458290975736249,0.9090909090909092,extension,"position 2, base T->C",2.0,T,C
GTGCGGCGAGAGCTTCAGCCNGG,GTGTGGCAAGAGCTTCAGCAGGA,,0.7431691945053935,0.9090909090909092,extension,"position 8, base A->G",8.0,A,G
CTGCGGCAAGAGCTTCAGCCNGG,GTGTGGCAAGAGCTTCAGCAGGA,,0.7412462995478006,0.9090909090909092,extension,"position 1, base G->C",1.0,G,C
GAGCGGCAAGAGCTTCAGCCNGG,GTGTGGCAAGAGCTTCAGCAGGA,,0.7359167412619758,0.9090909090909092,extension,"position 2, base T->A",2.0,T,A
GTGCGGCAAGAGCTTCAGCCNGG,CTGTGGCAAGAGCTTCAGCCAGA,,0.8567720148924689,0.8475382150743486,origin,,,,
CTGCGGCAAGAGCTTCAGCCNGG,CTGTGGCAAGAGCTTCAGCCAGA,,0.8565757484274115,0.9090909090909092,extension,"position 1, base G->C",1.0,G,C
GCGCGGCAAGAGCTTCAGCCNGG,CTGTGGCAAGAGCTTCAGCCAGA,,0.8186352897948365,0.9090909090909092,extension,"position 2, base T->C",2.0,T,C
ATGCGGCAAGAGCTTCAGCCNGG,CTGTGGCAAGAGCTTCAGCCAGA,,0.8582442105837536,0.8694008628281923,extension,"position 1, base G->A",1.0,G,A
GTGCGGCGAGAGCTTCAGCCNGG,CTGTGGCAAGAGCTTCAGCCAGA,,0.8159753867266051,0.9090909090909092,extension,"position 8, base A->G",8.0,A,G
GAGCGGCAAGAGCTTCAGCCNGG,CTGTGGCAAGAGCTTCAGCCAGA,,0.8087229334831875,0.9090909090909092,extension,"position 2, base T->A",2.0,T,A
TTGCGGCAAGAGCTTCAGCCNGG,CTGTGGCAAGAGCTTCAGCCAGA,,0.8441373620365729,0.8694008628281923,extension,"position 1, base G->T",1.0,G,T
GTGCGGCATGAGCTTCAGCCNGG,CTGTGGCAAGAGCTTCAGCCAGA,,0.8030779789966397,0.9090909090909092,extension,"position 9, base A->T",9.0,A,T
GTTCGGCAAGAGCTTCAGCCNGG,CTGTGGCAAGAGCTTCAGCCAGA,,0.7961045922190169,0.9090909090909092,extension,"position 3, base G->T",3.0,G,T
GTGCGGCAAGAGCTTCAGCCNGG,GTGCGGCAAGAGCTTCAGCCAGA,,0.9581975443792392,0.9260221293360292,origin,,,,
GCGCGGCAAGAGCTTCAGCCNGG,GTGCGGCAAGAGCTTCAGCCAGA,,0.9200608192816068,1.0,extension,"position 2, base T->C",2.0,T,C
GTGCGGCGAGAGCTTCAGCCNGG,GTGCGGCAAGAGCTTCAGCCAGA,,0.9174009162133754,1.0,extension,"position 8, base A->G",8.0,A,G
CTGCGGCAAGAGCTTCAGCCNGG,GTGCGGCAAGAGCTTCAGCCAGA,,0.9154780212557824,1.0,extension,"position 1, base G->C",1.0,G,C
GAGCGGCAAGAGCTTCAGCCNGG,GTGCGGCAAGAGCTTCAGCCAGA,,0.9101484629699576,1.0,extension,"position 2, base T->A",2.0,T,A
GTGCGGCATGAGCTTCAGCCNGG,GTGCGGCAAGAGCTTCAGCCAGA,,0.90450350848341,1.0,extension,"position 9, base A->T",9.0,A,T
GTTCGGCAAGAGCTTCAGCCNGG,GTGCGGCAAGAGCTTCAGCCAGA,,0.8975301217057872,1.0,extension,"position 3, base G->T",3.0,G,T
GTGCGGCAAGAGCTTCGGCCNGG,GTGCGGCAAGAGCTTCAGCCAGA,,0.8926998571089393,1.0,extension,"position 17, base A->G",17.0,A,G
GTACGGCAAGAGCTTCAGCCNGG,GTGCGGCAAGAGCTTCAGCCAGA,,0.8917175197370919,1.0,extension,"position 3, base G->A",3.0,G,A
